id,cd_estab,nm_ab_cliente,nr_nota_fis,nr_pedido,ds_ord_compra,ds_placa,ds_transp,nr_lacre,dt_hr_chegada,dt_hr_ini_carga,dt_hr_fim_carga,ds_obs_carga,id_no_show,vl_fixo,vl_base_multa,vl_multa,dt_hr_liberacao,usr_atlz_id,ds_get_status_lib,ds_status_cheg,dt_atlz
1,JAG,FFJDI,20360,299222,,,BRAPELCO,,,,,Test database,N,0,0,0,,1,,,2016-10-30 16:04:30
2,JAG,FFJDI,20361,299223,,,BRAPELCO,,,,,Test database,N,0,0,0,,1,,,2016-10-30 16:04:30
3,JAG,FFJDI,20377,299225,,,BRAPELCO,,,,,Test database,N,0,0,0,,1,,,2016-10-30 16:04:30
4,JAG,FFJDI,20378,299226,,,BRAPELCO,,,,,Test database,N,0,0,0,,1,,,2016-10-30 16:04:30
5,JAG,FFJDI,20389,299229,,,BRAPELCO,,,,,Test database,N,0,0,0,,1,,,2016-10-30 16:04:30
6,JAG,FFJDI,20390,299230,,,BRAPELCO,,,,,Test database,N,0,0,0,,1,,,2016-10-30 16:04:30
7,JAG,FFJDI,20406,299236,,,BRAPELCO,,,,,Test database,N,0,0,0,,1,,,2016-10-30 16:04:30
8,JAG,FFJDI,20404,299234,,,BRAPELCO,,,,,Test database,N,0,0,0,,1,,,2016-10-30 16:04:30
9,JAG,FFJDI,20403,299233,,,BRAPELCO,,,,,Test database,N,0,0,0,,1,,,2016-10-30 16:04:30
10,JAG,FFJDI,20405,299235,,,BRAPELCO,,,,,Test database,N,0,0,0,,1,,,2016-10-30 16:04:30
12,JAG,CDJAC,20421,887054,,,BRAPELCO,,,,,Test database,N,0,0,0,,1,,,2016-10-30 16:04:30
15,JAG,JCBOB,20425,887054,,,BRAPELCO,,,,,Test database,N,0,0,0,,1,,,2016-10-30 16:04:30
17,JAG,JUNDIÁ,20427,ord. Compra,,,BRAPELCO,,,,,Test database,N,0,0,0,,1,,,2016-10-30 16:04:30
24,JAG,JUNDIÁ,20428,ord. Compra,,,BRAPELCO,,,,,Test database,N,0,0,0,,1,,,2016-10-30 16:04:30
28,JAG,JCBOB,20426,891488,,,BRAPELCO,,,,,Test database,N,0,0,0,,1,,,2016-10-30 16:04:30
33,JAG,FFJDI,20423,299238,,,BRAPELCO,,,,,Test database,N,0,0,0,,1,,,2016-10-30 16:04:30
38,JAG,FFJDI,20422,299237,,,BRAPELCO,,,,,Test database,N,0,0,0,,1,,,2016-10-30 16:04:30
41,JAG,FFJDI,20424,299239,,,BRAPELCO,,,,,Test database,N,0,0,0,,1,,,2016-10-30 16:04:30
43,JAG,CDJAC,20448,887055,,,BRAPELCO,,,,,Test database,N,0,0,0,,1,,,2016-10-30 16:04:30
45,JAG,SBWNE,20451,887042,,,BRAPELCO,,,,,Test database,N,0,0,0,,1,,,2016-10-30 16:04:30
50,JAG,FFJDI,20449,299242,,,BRAPELCO,,,,,Test database,N,0,0,0,,1,,,2016-10-30 16:04:30
55,JAG,FFJDI,20450,299241,,,BRAPELCO,,,,,Test database,N,0,0,0,,1,,,2016-10-30 16:04:30
57,JAG,CDJAC,20459,887060,,,BRAPELCO,,,,,Test database,N,0,0,0,,1,,,2016-10-30 16:04:30
59,JAG,SBWAY,20464,887047,,,BRAPELCO,,,,,Test database,N,0,0,0,,1,,,2016-10-30 16:04:30
63,JAG,CDGPA,20444,19547500903,,,BRAPELCO,,,,,Test database,N,0,0,0,,1,,,2016-10-30 16:04:30
64,JAG,CDGPA,20446,20386410903,,,BRAPELCO,,,,,Test database,N,0,0,0,,1,,,2016-10-30 16:04:30
69,JAG,JCBOB,20463,891492,,,BRAPELCO,,,,,Test database,N,0,0,0,,1,,,2016-10-30 16:04:30
73,JAG,FFJDI,20460,299546,,,BRAPELCO,,,,,Test database,N,0,0,0,,1,,,2016-10-30 16:04:30
80,JAG,WMART,20455,07350046691,,,BRAPELCO,,,,,Test database,N,0,0,0,,1,,,2016-10-30 16:04:30
82,JAG,FFJDI,20462,299548,,,BRAPELCO,,,,,Test database,N,0,0,0,,1,,,2016-10-30 16:04:30
83,JAG,FFJDI,20461,299549,,,BRAPELCO,,,,,Test database,N,0,0,0,,1,,,2016-10-30 16:04:30
85,JAG,CDJAC,20473,887061,,,BRAPELCO,,,,,Test database,N,0,0,0,,1,,,2016-10-30 16:04:30
87,JAG,SBWRB,20480,887045,,,BRAPELCO,,,,,Test database,N,0,0,0,,1,,,2016-10-30 16:04:30
89,JAG,CR053,20474,896967,,,BRAPELCO,,,,,Test database,N,0,0,0,,1,,,2016-10-30 16:04:30
94,JAG,JCBOB,20478,891493,,,BRAPELCO,,,,,Test database,N,0,0,0,,1,,,2016-10-30 16:04:30
99,JAG,FFJDI,20475,299551,,,BRAPELCO,,,,,Test database,N,0,0,0,,1,,,2016-10-30 16:04:30
106,JAG,WALRS,20443,000408898677,,,BRAPELCO,,,,,Test database,N,0,0,0,,1,,,2016-10-30 16:04:30
110,JAG,FFJDI,20476,299553,,,BRAPELCO,,,,,Test database,N,0,0,0,,1,,,2016-10-30 16:04:30
111,JAG,CDGPA,20447,019623880903,,,BRAPELCO,,,,,Test database,N,0,0,0,,1,,,2016-10-30 16:04:30
114,JAG,FFJDI,20477,299554,,,BRAPELCO,,,,,Test database,N,0,0,0,,1,,,2016-10-30 16:04:30
116,JAG,SBWAY,20505,887048,,,BRAPELCO,,,,,Test database,N,0,0,0,,1,,,2016-10-30 16:04:30
118,JAG,SBWAY,20506,887049,,,BRAPELCO,,,,,Test database,N,0,0,0,,1,,,2016-10-30 16:04:30
123,JAG,BCDRB,20494,900076,,,BRAPELCO,,,,,Test database,N,0,0,0,,1,,,2016-10-30 16:04:30
125,JAG,CDJAC,20496,887062,,,BRAPELCO,,,,,Test database,N,0,0,0,,1,,,2016-10-30 16:04:30
129,JAG,CR056,20497,900069,,,BRAPELCO,,,,,Test database,N,0,0,0,,1,,,2016-10-30 16:04:30
136,JAG,WALPR,20489,000408898675,,,BRAPELCO,,,,,Test database,N,0,0,0,,1,,,2016-10-30 16:04:30
141,JAG,FFJDI,20498,299555,,,BRAPELCO,,,,,Test database,N,0,0,0,,1,,,2016-10-30 16:04:30
145,JAG,FFJDI,20499,299556,,,BRAPELCO,,,,,Test database,N,0,0,0,,1,,,2016-10-30 16:04:30
146,JAG,FFJDI,20500,299557,,,BRAPELCO,,,,,Test database,N,0,0,0,,1,,,2016-10-30 16:04:30
147,JAG,JDITA,20502,Ord. compra,,,BRAPELCO,,,,,Test database,N,0,0,0,,1,,,2016-10-30 16:04:30
148,JAG,FFJDI,20501,299558,,,BRAPELCO,,,,,Test database,N,0,0,0,,1,,,2016-10-30 16:04:30
154,JAG,PREZUNIC,20479,0,,,BRAPELCO,,,,,Test database,N,0,0,0,,1,,,2016-11-07 21:59:21
156,JAG,CDJAC,20520,887063,,,BRAPELCO,,,,,Test database,N,0,0,0,,1,,,2016-10-30 16:04:30
158,JAG,SBWRB,20526,887046,,,BRAPELCO,,,,,Test database,N,0,0,0,,1,,,2016-10-30 16:04:30
161,JAG,JCBOB,20525,900702,,,BRAPELCO,,,,,Test database,N,0,0,0,,1,,,2016-10-30 16:04:30
165,JAG,BCDRB,20538,900705,,,BRAPELCO,,,,,Test database,N,0,0,0,,1,,,2016-10-30 16:04:30
170,JAG,FFJDI,20521,299559,,,BRAPELCO,,,,,Test database,N,0,0,0,,1,,,2016-10-30 16:04:30
171,JAG,FFJDI,20522,299562,,,BRAPELCO,,,,,Test database,N,0,0,0,,1,,,2016-10-30 16:04:30
172,JAG,FFJDI,20523,299561,,,BRAPELCO,,,,,Test database,N,0,0,0,,1,,,2016-10-30 16:04:30
177,JAG,FFJDI,20524,299560,,,BRAPELCO,,,,,Test database,N,0,0,0,,1,,,2016-10-30 16:04:30
179,JAG,CDJAC,20542,887068,,,BRAPELCO,,,,,Test database,N,0,0,0,,1,,,2016-10-30 16:04:30
181,JAG,CDJAC,20543,887064,,,BRAPELCO,,,,,Test database,N,0,0,0,,1,,,2016-10-30 16:04:30
184,JAG,CR053,20544,900703,,,BRAPELCO,,,,,Test database,N,0,0,0,,1,,,2016-10-30 16:04:30
192,JAG,WMART,20548,007350046705,,,BRAPELCO,,,,,Test database,N,0,0,0,,1,,,2016-10-30 16:04:30
200,JAG,CCONF,20541,Ord. compra,,,BRAPELCO,,,,,Test database,N,0,0,0,,1,,,2016-10-30 16:04:30
206,JAG,WMART,20539,007050187987,,,BRAPELCO,,,,,Test database,N,0,0,0,,1,,,2016-10-30 16:04:30
211,JAG,FFJDI,20545,299565,,,BRAPELCO,,,,,Test database,N,0,0,0,,1,,,2016-10-30 16:04:30
214,JAG,FFJDI,20546,299563,,,BRAPELCO,,,,,Test database,N,0,0,0,,1,,,2016-10-30 16:04:30
218,JAG,FFJDI,20547,299566,,,BRAPELCO,,,,,Test database,N,0,0,0,,1,,,2016-10-30 16:04:30
220,JAG,CDJAC,20561,887066,,,BRAPELCO,,,,,Test database,N,0,0,0,,1,,,2016-10-30 16:04:30
224,JAG,FFJDI,20563,299567,,,BRAPELCO,,,,,Test database,N,0,0,0,,1,,,2016-10-30 16:04:30
228,JAG,FFJDI,20562,299568,,,BRAPELCO,,,,,Test database,N,0,0,0,,1,,,2016-10-30 16:04:30
232,JAG,FFJDI,20568,299782,,,BRAPELCO,,,,,Test database,N,0,0,0,,1,,,2016-10-30 16:04:30
234,JAG,FFJDI,20569,299783,,,BRAPELCO,,,,,Test database,N,0,0,0,,1,,,2016-10-30 16:04:30
235,JAG,FFJDI,20570,299784,,,BRAPELCO,,,,,Test database,N,0,0,0,,1,,,2016-10-30 16:04:30
238,JAG,FFJDI,20571,299780,,,BRAPELCO,,,,,Test database,N,0,0,0,,1,,,2016-10-30 16:04:30
242,JAG,CR053,20566,900814,,,BRAPELCO,,,,,Test database,N,0,0,0,,1,,,2016-10-30 16:04:30
244,JAG,CR056,20567,901654,,,BRAPELCO,,,,,Test database,N,0,0,0,,1,,,2016-10-30 16:04:30
250,JAG,JCBOB,20572,901655,,,BRAPELCO,,,,,Test database,N,0,0,0,,1,,,2016-10-30 16:04:30
251,JAG,JCBOB,20573,900701,,,BRAPELCO,,,,,Test database,N,0,0,0,,1,,,2016-10-30 16:04:30
253,JAG,SBWAY,20574,900058,,,BRAPELCO,,,,,Test database,N,0,0,0,,1,,,2016-10-30 16:04:30
255,JAG,SBWRB,20575,900087,,,BRAPELCO,,,,,Test database,N,0,0,0,,1,,,2016-10-30 16:04:30
258,JAG,CDGPA,20537,22279590903,,,BRAPELCO,,,,,Test database,N,0,0,0,,1,,,2016-10-30 16:04:30
265,JAG,WALRS,20586,000408899316,,,BRAPELCO,,,,,Test database,N,0,0,0,,1,,,2016-10-30 16:04:30
272,JAG,WALPR,20585,000408899313,,,BRAPELCO,,,,,Test database,N,0,0,0,,1,,,2016-10-30 16:04:30
274,JAG,SBWRB,20593,900090,,,BRAPELCO,,,,,Test database,N,0,0,0,,1,,,2016-10-30 16:04:30
279,JAG,FFJDI,20587,299786,,,BRAPELCO,,,,,Test database,N,0,0,0,,1,,,2016-10-30 16:04:30
281,JAG,FFJDI,20588,299787,,,BRAPELCO,,,,,Test database,N,0,0,0,,1,,,2016-10-30 16:04:30
287,JAG,PREZUNIC,20592,Ord. compra,,,BRAPELCO,,,,,Test database,N,0,0,0,,1,,,2016-10-30 16:04:30
293,JAG,JCBOB,20591,901656,,,BRAPELCO,,,,,Test database,N,0,0,0,,1,,,2016-10-30 16:04:30
295,JAG,CDJAC,20603,900079,,,BRAPELCO,,,,,Test database,N,0,0,0,,1,,,2016-10-30 16:04:30
297,JAG,SBWAY,20612,900060,,,BRAPELCO,,,,,Test database,N,0,0,0,,1,,,2016-10-30 16:04:30
299,JAG,SBWAY,20613,900062,,,BRAPELCO,,,,,Test database,N,0,0,0,,1,,,2016-10-30 16:04:30
305,JAG,JCBOB,20608,901657,,,BRAPELCO,,,,,Test database,N,0,0,0,,1,,,2016-10-30 16:04:30
309,JAG,JDITA,20609,Ord. compra,,,BRAPELCO,,,,,Test database,N,0,0,0,,1,,,2016-10-30 16:04:30
310,JAG,JDITA,20610,Ord. compra,,,BRAPELCO,,,,,Test database,N,0,0,0,,1,,,2016-10-30 16:04:30
313,JAG,JDSTP,20611,Ord. compra,,,BRAPELCO,,,,,Test database,N,0,0,0,,1,,,2016-10-30 16:04:30
317,JAG,FFJDI,20604,299790,,,BRAPELCO,,,,,Test database,N,0,0,0,,1,,,2016-10-30 16:04:30
320,JAG,FFJDI,20605,299791,,,BRAPELCO,,,,,Test database,N,0,0,0,,1,,,2016-10-30 16:04:30
321,JAG,FFJDI,20606,299792,,,BRAPELCO,,,,,Test database,N,0,0,0,,1,,,2016-10-30 16:04:30
324,JAG,FFJDI,20607,299789,,,BRAPELCO,,,,,Test database,N,0,0,0,,1,,,2016-10-30 16:04:30
326,JAG,SBWAY,20625,900064,,,BRAPELCO,,,,,Test database,N,0,0,0,,1,,,2016-10-30 16:04:30
328,JAG,SBWAY,20626,900065,,,BRAPELCO,,,,,Test database,N,0,0,0,,1,,,2016-10-30 16:04:30
330,JAG,SBWNE,20627,887043,,,BRAPELCO,,,,,Test database,N,0,0,0,,1,,,2016-10-30 16:04:30
336,JAG,JCBOB,20624,901658,,,BRAPELCO,,,,,Test database,N,0,0,0,,1,,,2016-10-30 16:04:30
338,JAG,FFJDI,20622,299796,,,BRAPELCO,,,,,Test database,N,0,0,0,,1,,,2016-10-30 16:04:30
340,JAG,FFJDI,20621,299793,,,BRAPELCO,,,,,Test database,N,0,0,0,,1,,,2016-10-30 16:04:30
341,JAG,FFJDI,20620,299795,,,BRAPELCO,,,,,Test database,N,0,0,0,,1,,,2016-10-30 16:04:30
344,JAG,FFJDI,20623,299794,,,BRAPELCO,,,,,Test database,N,0,0,0,,1,,,2016-10-30 16:04:30
346,JAG,CDJAC,20655,900080,,,BRAPELCO,,,,,Test database,N,0,0,0,,1,,,2016-10-30 16:04:30
348,JAG,SBWRB,20665,900094,,,BRAPELCO,,,,,Test database,N,0,0,0,,1,,,2016-10-30 16:04:30
349,JAG,FFJDI,20666,299788,,,BRAPELCO,,,,,Test database,N,0,0,0,,1,,,2016-10-30 16:04:30
354,JAG,FFJDI,20656,299797,,,BRAPELCO,,,,,Test database,N,0,0,0,,1,,,2016-10-30 16:04:30
355,JAG,FFJDI,20657,299802,,,BRAPELCO,,,,,Test database,N,0,0,0,,1,,,2016-10-30 16:04:30
358,JAG,FFJDI,20658,299803,,,BRAPELCO,,,,,Test database,N,0,0,0,,1,,,2016-10-30 16:04:30
363,JAG,FFJDI,20659,299801,,,BRAPELCO,,,,,Test database,N,0,0,0,,1,,,2016-10-30 16:04:30
368,JAG,CCONF,20654,Ord. compra,,,BRAPELCO,,,,,Test database,N,0,0,0,,1,,,2016-10-30 16:04:30
369,JAG,JDITA,20661,Ord. compra,,,BRAPELCO,,,,,Test database,N,0,0,0,,1,,,2016-10-30 16:04:30
370,JAG,JDITA,20662,Ord. compra,,,BRAPELCO,,,,,Test database,N,0,0,0,,1,,,2016-10-30 16:04:30
372,JAG,JDITA,20660,Ord. compra,,,BRAPELCO,,,,,Test database,N,0,0,0,,1,,,2016-10-30 16:04:30
373,JAG,JDSTP,20664,Ord. compra,,,BRAPELCO,,,,,Test database,N,0,0,0,,1,,,2016-10-30 16:04:30
376,JAG,JDSTP,20663,Ord. compra,,,BRAPELCO,,,,,Test database,N,0,0,0,,1,,,2016-10-30 16:04:30
378,JAG,SBWNE,20678,900096,,,BRAPELCO,,,,,Test database,N,0,0,0,,1,,,2016-10-30 16:04:30
384,JAG,FFJDI,20675,299804,,,BRAPELCO,,,,,Test database,N,0,0,0,,1,,,2016-10-30 16:04:30
389,JAG,FFJDI,20676,299805,,,BRAPELCO,,,,,Test database,N,0,0,0,,1,,,2016-10-30 16:04:30
393,JAG,FFJDI,20677,299921,,,BRAPELCO,,,,,Test database,N,0,0,0,,1,,,2016-10-30 16:04:30
397,JAG,FFJDI,20679,299785,,,BRAPELCO,,,,,Test database,N,0,0,0,,1,,,2016-10-30 16:04:30
403,JAG,WALBA,20669,000002290189,,,BRAPELCO,,,,,Test database,N,0,0,0,,1,,,2016-10-30 16:04:30
409,JAG,WALPE,20668,000002314142,,,BRAPELCO,,,,,Test database,N,0,0,0,,1,,,2016-10-30 16:04:30
411,JAG,CDJAC,20684,902767,,,BRAPELCO,,,,,Test database,N,0,0,0,,1,,,2016-10-30 16:04:30
414,JAG,CR054,20685,907150,,,BRAPELCO,,,,,Test database,N,0,0,0,,1,,,2016-10-30 16:04:30
416,JAG,SBWAY,20689,902761,,,BRAPELCO,,,,,Test database,N,0,0,0,,1,,,2016-10-30 16:04:30
421,JAG,FFJDI,20690,299932,,,BRAPELCO,,,,,Test database,N,0,0,0,,1,,,2016-10-30 16:04:30
423,JAG,FFJDI,20686,299933,,,BRAPELCO,,,,,Test database,N,0,0,0,,1,,,2016-10-30 16:04:30
425,JAG,FFJDI,20687,299934,,,BRAPELCO,,,,,Test database,N,0,0,0,,1,,,2016-10-30 16:04:30
430,JAG,FFJDI,20688,299929,,,BRAPELCO,,,,,Test database,N,0,0,0,,1,,,2016-10-30 16:04:30
437,JAG,WALRS,20694,000408899853,,,BRAPELCO,,,,,Test database,N,0,0,0,,1,,,2016-10-30 16:04:30
444,JAG,WALPR,20695,000408899855,,,BRAPELCO,,,,,Test database,N,0,0,0,,1,,,2016-10-30 16:04:30
446,JAG,CDJAC,20697,902768,,,BRAPELCO,,,,,Test database,N,0,0,0,,1,,,2016-10-30 16:04:30
451,JAG,CR056,20698,907266,,,BRAPELCO,,,,,Test database,N,0,0,0,,1,,,2016-10-30 16:04:30
454,JAG,JCBOB,20699,907267,,,BRAPELCO,,,,,Test database,N,0,0,0,,1,,,2016-10-30 16:04:30
457,JAG,JCBOB,20700,907268,,,BRAPELCO,,,,,Test database,N,0,0,0,,1,,,2016-10-30 16:04:30
465,JAG,WMART,20701,007350046720,,,BRAPELCO,,,,,Test database,N,0,0,0,,1,,,2016-10-30 16:04:30
470,JAG,FFJDI,20702,299935,,,BRAPELCO,,,,,Test database,N,0,0,0,,1,,,2016-10-30 16:04:30
476,JAG,FFJDI,20703,299936,,,BRAPELCO,,,,,Test database,N,0,0,0,,1,,,2016-10-30 16:04:30
479,JAG,FFJDI,20704,299937,,,BRAPELCO,,,,,Test database,N,0,0,0,,1,,,2016-10-30 16:04:30
481,JAG,FFJDI,20705,299938,,,BRAPELCO,,,,,Test database,N,0,0,0,,1,,,2016-10-30 16:04:30
482,JAG,CDGPA,20683,22279590903,,,BRAPELCO,,,,,Test database,N,0,0,0,,1,,,2016-10-30 16:04:30
483,JAG,CCONF,20718,Ord. compra,,,BRAPELCO,,,,,Test database,N,0,0,0,,1,,,2016-10-30 16:04:30
491,JAG,CCONF,20719,Ord. compra,,,BRAPELCO,,,,,Test database,N,0,0,0,,1,,,2016-10-30 16:04:30
493,JAG,CDJAC,20720,902769,,,BRAPELCO,,,,,Test database,N,0,0,0,,1,,,2016-10-30 16:04:30
497,JAG,CR053,20721,911488,,,BRAPELCO,,,,,Test database,N,0,0,0,,1,,,2016-10-30 16:04:30
501,JAG,JDITA,20722,Ord. compra,,,BRAPELCO,,,,,Test database,N,0,0,0,,1,,,2016-10-30 16:04:30
502,JAG,JDITA,20723,Ord. compra,,,BRAPELCO,,,,,Test database,N,0,0,0,,1,,,2016-10-30 16:04:30
507,JAG,JDSTP,20724,Ord. compra,,,BRAPELCO,,,,,Test database,N,0,0,0,,1,,,2016-10-30 16:04:30
508,JAG,JDSTP,20725,Ord. compra,,,BRAPELCO,,,,,Test database,N,0,0,0,,1,,,2016-10-30 16:04:30
510,JAG,SBWAY,20726,902762,,,BRAPELCO,,,,,Test database,N,0,0,0,,1,,,2016-10-30 16:04:30
512,JAG,SBWAY,20727,902763,,,BRAPELCO,,,,,Test database,N,0,0,0,,1,,,2016-10-30 16:04:30
517,JAG,FFJDI,20728,299939,,,BRAPELCO,,,,,Test database,N,0,0,0,,1,,,2016-10-30 16:04:30
523,JAG,FFJDI,20729,299940,,,BRAPELCO,,,,,Test database,N,0,0,0,,1,,,2016-10-30 16:04:30
525,JAG,FFJDI,20730,299942,,,BRAPELCO,,,,,Test database,N,0,0,0,,1,,,2016-10-30 16:04:30
528,JAG,FFJDI,20731,299941,,,BRAPELCO,,,,,Test database,N,0,0,0,,1,,,2016-10-30 16:04:30
530,JAG,CDJAC,20740,902770,,,BRAPELCO,,,,,Test database,N,0,0,0,,1,,,2016-10-30 16:04:30
532,JAG,SBWAY,20742,902766,,,BRAPELCO,,,,,Test database,N,0,0,0,,1,,,2016-10-30 16:04:30
534,JAG,SBWAY,20743,902765,,,BRAPELCO,,,,,Test database,N,0,0,0,,1,,,2016-10-30 16:04:30
538,JAG,BCDRB,20739,911486,,,BRAPELCO,,,,,Test database,N,0,0,0,,1,,,2016-10-30 16:04:30
539,JAG,JCBOB,20741,907269,,,BRAPELCO,,,,,Test database,N,0,0,0,,1,,,2016-10-30 16:04:30
543,JAG,FFJDI,20744,299945,,,BRAPELCO,,,,,Test database,N,0,0,0,,1,,,2016-10-30 16:04:30
547,JAG,FFJDI,20745,299944,,,BRAPELCO,,,,,Test database,N,0,0,0,,1,,,2016-10-30 16:04:30
552,JAG,FFJDI,20746,299943,,,BRAPELCO,,,,,Test database,N,0,0,0,,1,,,2016-10-30 16:04:30
554,JAG,FFJDI,20747,299946,,,BRAPELCO,,,,,Test database,N,0,0,0,,1,,,2016-10-30 16:04:30
556,JAG,SBWRB,20762,911543,,,BRAPELCO,,,,,Test database,N,0,0,0,,1,,,2016-10-30 16:04:30
558,JAG,CDJAC,20760,902771,,,BRAPELCO,,,,,Test database,N,0,0,0,,1,,,2016-10-30 16:04:30
560,JAG,CDJAC,20761,902772,,,BRAPELCO,,,,,Test database,N,0,0,0,,1,,,2016-10-30 16:04:30
566,JAG,FFJDI,20763,299947,,,BRAPELCO,,,,,Test database,N,0,0,0,,1,,,2016-10-30 16:04:30
570,JAG,FFJDI,20764,299949,,,BRAPELCO,,,,,Test database,N,0,0,0,,1,,,2016-10-30 16:04:30
572,JAG,FFJDI,20765,299950,,,BRAPELCO,,,,,Test database,N,0,0,0,,1,,,2016-10-30 16:04:30
578,JAG,FFJDI,20766,299948,,,BRAPELCO,,,,,Test database,N,0,0,0,,1,,,2016-10-30 16:04:30
580,JAG,CDJAC,20784,902773,,,BRAPELCO,,,,,Test database,N,0,0,0,,1,,,2016-10-30 16:04:30
582,JAG,SBWNE,20785,902760,,,BRAPELCO,,,,,Test database,N,0,0,0,,1,,,2016-10-30 16:04:30
587,JAG,FFJDI,20788,299951,,,BRAPELCO,,,,,Test database,N,0,0,0,,1,,,2016-10-30 16:04:30
591,JAG,FFJDI,20786,299953,,,BRAPELCO,,,,,Test database,N,0,0,0,,1,,,2016-10-30 16:04:30
595,JAG,FFJDI,20787,299952,,,BRAPELCO,,,,,Test database,N,0,0,0,,1,,,2016-10-30 16:04:30
601,JAG,WALPE,20757,000002314151,,,BRAPELCO,,,,,Test database,N,0,0,0,,1,,,2016-10-30 16:04:30
609,JAG,WMART,20793,007350046734,,,BRAPELCO,,,,,Test database,N,0,0,0,,1,,,2016-10-30 16:04:30
619,JAG,CCONF,20797,Ord. compra,,,BRAPELCO,,,,,Test database,N,0,0,0,,1,,,2016-10-30 16:04:30
623,JAG,CR053,20799,911810,,,BRAPELCO,,,,,Test database,N,0,0,0,,1,,,2016-10-30 16:04:30
625,JAG,CDJAC,20798,907449,,,BRAPELCO,,,,,Test database,N,0,0,0,,1,,,2016-10-30 16:04:30
631,JAG,CR056,20800,911803,,,BRAPELCO,,,,,Test database,N,0,0,0,,1,,,2016-10-30 16:04:30
634,JAG,JCBOB,20801,911487,,,BRAPELCO,,,,,Test database,N,0,0,0,,1,,,2016-10-30 16:04:30
636,JAG,SBWAY,20802,917418,,,BRAPELCO,,,,,Test database,N,0,0,0,,1,,,2016-10-30 16:04:30
638,JAG,SBWRB,20803,907400,,,BRAPELCO,,,,,Test database,N,0,0,0,,1,,,2016-10-30 16:04:30
639,JAG,FFJDI,20804,300092,,,BRAPELCO,,,,,Test database,N,0,0,0,,1,,,2016-10-30 16:04:30
643,JAG,FFJDI,20805,300091,,,BRAPELCO,,,,,Test database,N,0,0,0,,1,,,2016-10-30 16:04:30
644,JAG,FFJDI,20806,300093,,,BRAPELCO,,,,,Test database,N,0,0,0,,1,,,2016-10-30 16:04:30
650,JAG,FFJDI,20807,300090,,,BRAPELCO,,,,,Test database,N,0,0,0,,1,,,2016-10-30 16:04:30
657,JAG,WALPR,20818,000408900497,,,BRAPELCO,,,,,Test database,N,0,0,0,,1,,,2016-10-30 16:04:30
664,JAG,WALRS,20819,000408900464,,,BRAPELCO,,,,,Test database,N,0,0,0,,1,,,2016-10-30 16:04:30
666,JAG,CDJAC,20822,907451,,,BRAPELCO,,,,,Test database,N,0,0,0,,1,,,2016-10-30 16:04:30
672,JAG,CR056,20823,911804,,,BRAPELCO,,,,,Test database,N,0,0,0,,1,,,2016-10-30 16:04:30
676,JAG,CR056,20824,911805,,,BRAPELCO,,,,,Test database,N,0,0,0,,1,,,2016-10-30 16:04:30
678,JAG,SBWAY,20825,917423,,,BRAPELCO,,,,,Test database,N,0,0,0,,1,,,2016-10-30 16:04:30
680,JAG,SBWRB,20826,907401,,,BRAPELCO,,,,,Test database,N,0,0,0,,1,,,2016-10-30 16:04:30
682,JAG,FFJDI,20827,300096,,,BRAPELCO,,,,,Test database,N,0,0,0,,1,,,2016-10-30 16:04:30
688,JAG,FFJDI,20828,300094,,,BRAPELCO,,,,,Test database,N,0,0,0,,1,,,2016-10-30 16:04:30
693,JAG,FFJDI,20829,300095,,,BRAPELCO,,,,,Test database,N,0,0,0,,1,,,2016-10-30 16:04:30
695,JAG,FFJDI,20830,300097,,,BRAPELCO,,,,,Test database,N,0,0,0,,1,,,2016-10-30 16:04:30
696,JAG,CDGPA,20831,031454170903,,,BRAPELCO,,,,,Test database,N,0,0,0,,1,,,2016-10-30 16:04:30
700,JAG,CR053,20843,911810,,,BRAPELCO,,,,,Test database,N,0,0,0,,1,,,2016-10-30 16:04:30
704,JAG,JCBOB,20844,911805,,,BRAPELCO,,,,,Test database,N,0,0,0,,1,,,2016-10-30 16:04:30
706,JAG,SBWAY,20847,907402,,,BRAPELCO,,,,,Test database,N,0,0,0,,1,,,2016-10-30 16:04:30
708,JAG,SBWAY,20848,907403,,,BRAPELCO,,,,,Test database,N,0,0,0,,1,,,2016-10-30 16:04:30
710,JAG,SBWNE,20849,907399,,,BRAPELCO,,,,,Test database,N,0,0,0,,1,,,2016-10-30 16:04:30
712,JAG,CDJAC,20842,907452,,,BRAPELCO,,,,,Test database,N,0,0,0,,1,,,2016-10-30 16:04:30
717,JAG,FFJDI,20850,300098,,,BRAPELCO,,,,,Test database,N,0,0,0,,1,,,2016-10-30 16:04:30
723,JAG,CCONF,20841,Ord. compra,,,BRAPELCO,,,,,Test database,N,0,0,0,,1,,,2016-10-30 16:04:30
725,JAG,FFJDI,20851,300100,,,BRAPELCO,,,,,Test database,N,0,0,0,,1,,,2016-10-30 16:04:30
730,JAG,FFJDI,20852,300099,,,BRAPELCO,,,,,Test database,N,0,0,0,,1,,,2016-10-30 16:04:30
733,JAG,JDITA,20845,Ord. compra,,,BRAPELCO,,,,,Test database,N,0,0,0,,1,,,2016-10-30 16:04:30
741,JAG,JDSTP,20846,Ord. compra,,,BRAPELCO,,,,,Test database,N,0,0,0,,1,,,2016-10-30 16:04:30
743,JAG,FFJDI,20853,300101,,,BRAPELCO,,,,,Test database,N,0,0,0,,1,,,2016-10-30 16:04:30
745,JAG,CDJAC,20868,917427,,,BRAPELCO,,,,,Test database,N,0,0,0,,1,,,2016-10-30 16:04:30
747,JAG,SBWAY,20874,907404,,,BRAPELCO,,,,,Test database,N,0,0,0,,1,,,2016-10-30 16:04:30
749,JAG,SBWAY,20875,907405,,,BRAPELCO,,,,,Test database,N,0,0,0,,1,,,2016-10-30 16:04:30
751,JAG,SBWNE,20876,912152,,,BRAPELCO,,,,,Test database,N,0,0,0,,1,,,2016-10-30 16:04:30
755,JAG,CR053,20869,915943,,,BRAPELCO,,,,,Test database,N,0,0,0,,1,,,2016-10-30 16:04:30
760,JAG,CR054,20870,917576,,,BRAPELCO,,,,,Test database,N,0,0,0,,1,,,2016-10-30 16:04:30
765,JAG,JCBOB,20871,911806,,,BRAPELCO,,,,,Test database,N,0,0,0,,1,,,2016-10-30 16:04:30
769,JAG,JCBOB,20872,915942,,,BRAPELCO,,,,,Test database,N,0,0,0,,1,,,2016-10-30 16:04:30
771,JAG,FFJDI,20877,300105,,,BRAPELCO,,,,,Test database,N,0,0,0,,1,,,2016-10-30 16:04:30
774,JAG,FFJDI,20878,300103,,,BRAPELCO,,,,,Test database,N,0,0,0,,1,,,2016-10-30 16:04:30
777,JAG,FFJDI,20879,300102,,,BRAPELCO,,,,,Test database,N,0,0,0,,1,,,2016-10-30 16:04:30
779,JAG,FFJDI,20880,300104,,,BRAPELCO,,,,,Test database,N,0,0,0,,1,,,2016-10-30 16:04:30
785,JAG,PREZUNIC,20873,4506213043,,,BRAPELCO,,,,,Test database,N,0,0,0,,1,,,2016-10-30 16:04:30
787,JAG,CDJAC,20891,907455,,,BRAPELCO,,,,,Test database,N,0,0,0,,1,,,2016-10-30 16:04:30
789,JAG,SBWAY,20895,917425,,,BRAPELCO,,,,,Test database,N,0,0,0,,1,,,2016-10-30 16:04:30
791,JAG,SBWNE,20896,912144,,,BRAPELCO,,,,,Test database,N,0,0,0,,1,,,2016-10-30 16:04:30
792,JAG,JCBOB,20893,917565,,,BRAPELCO,,,,,Test database,N,0,0,0,,1,,,2016-10-30 16:04:30
793,JAG,CR056,20892,917568,,,BRAPELCO,,,,,Test database,N,0,0,0,,1,,,2016-10-30 16:04:30
795,JAG,FFJDI,20897,300109,,,BRAPELCO,,,,,Test database,N,0,0,0,,1,,,2016-10-30 16:04:30
797,JAG,FFJDI,20898,300108,,,BRAPELCO,,,,,Test database,N,0,0,0,,1,,,2016-10-30 16:04:30
801,JAG,FFJDI,20899,300107,,,BRAPELCO,,,,,Test database,N,0,0,0,,1,,,2016-10-30 16:04:30
805,JAG,JDSTP,20894,Ord. compra,,,BRAPELCO,,,,,Test database,N,0,0,0,,1,,,2016-10-30 16:04:30
810,JAG,FFJDI,20900,300106,,,BRAPELCO,,,,,Test database,N,0,0,0,,1,,,2016-10-30 16:04:30
812,JAG,CDJAC,20915,912151,,,BRAPELCO,,,,,Test database,N,0,0,0,,1,,,2016-10-30 16:04:30
814,JAG,SBWNE,20920,907398,,,BRAPELCO,,,,,Test database,N,0,0,0,,1,,,2016-10-30 16:04:30
816,JAG,CDJAC,20914,907454,,,BRAPELCO,,,,,Test database,N,0,0,0,,1,,,2016-10-30 16:04:30
817,JAG,JCBOB,20918,917586,,,BRAPELCO,,,,,Test database,N,0,0,0,,1,,,2016-10-30 16:04:30
818,JAG,JCBOB,20919,917588,,,BRAPELCO,,,,,Test database,N,0,0,0,,1,,,2016-10-30 16:04:30
824,JAG,FFJDI,20916,300110,,,BRAPELCO,,,,,Test database,N,0,0,0,,1,,,2016-10-30 16:04:30
825,JAG,JCBOB,20917,917566,,,BRAPELCO,,,,,Test database,N,0,0,0,,1,,,2016-10-30 16:04:30
829,JAG,FFJDI,20921,300111,,,BRAPELCO,,,,,Test database,N,0,0,0,,1,,,2016-11-07 21:59:58
